,十碼章,醫院名稱,縣市別,行政區,郵遞區號,地址（里鄰）,地址,聯絡電話,座標緯度,座標經度,備註,行政區2
0,102020011,高雄市立聯合醫院,高雄市,鼓山區,804,,高雄市鼓山區中華一路976號,07-5552565,22.654927,120.29119399999999,,鼓山區
1,102070020,高雄市立大同醫院(委託財團法人私立高雄醫學大學附設中和紀念醫院經營),高雄市,前金區,801,,高雄市前金區中華三路68號,07-2911101,22.62715,120.29693799999998,,前金區
2,102080017,高雄市立民生醫院,高雄市,苓雅區,802,,高雄市苓雅區凱旋二路134號,07-7511131,22.626657,120.32359199999999,,苓雅區
3,102080026,凱旋醫院,高雄市,苓雅區,802,,高雄市苓雅區凱旋二路130號,07-7513171,22.625122100000002,120.32403740000001,,苓雅區
4,142030019,衛生福利部旗山醫院,高雄市,旗山區,842,,高雄市旗山區中學路60號,07-6613811,22.880796,120.48326399999999,,旗山區
5,502030015,國軍高雄總醫院左營分院附設民眾診療服務處,高雄市,左營區,813,,高雄市旗山區中學路60號,07-5811648,22.701528,120.29041399999998,,旗山區
6,502080015,國軍高雄總醫院附設民眾診療服務處,高雄市,苓雅區,802,,高雄市苓雅區建軍路5號,07-7496751,22.627648999999998,120.342169,,苓雅區
7,542020011,國軍高雄總醫院岡山分院附設民眾診療服務處,高雄市,岡山區,820,,高雄市岡山區大義二路1號,07-6250919,22.789456,120.28587399999999,,岡山區
8,602030026,高雄榮民總醫院,高雄市,左營區,813,,高雄市左營區大中一路386號,07-3422121,22.677537,120.32250400000001,,左營區
9,902080013,阮綜合醫療社團法人阮綜合醫院,高雄市,苓雅區,802,,高雄市苓雅區成功一路162號,07-3351121,22.626881,120.326254,,苓雅區
10,907030013,廣聖醫療社團法人廣聖醫院,高雄市,旗山區,842,,高雄市旗山區中華路618號,07-6622391,22.884981,120.485444,,旗山區
11,907320012,愛仁醫療社團法人愛仁醫院,高雄市,三民區,807,,高雄市三民區民族一路51號,07-3115159,22.641817,120.31383999999998,,三民區
12,907350010,乃榮醫療社團法人乃榮醫院,高雄市,苓雅區,802,,高雄市苓雅區三多二路226,07-7613151,22.618759,120.31878,,苓雅區
13,942020019,高雄市立岡山醫院（委託秀傳醫療社團法人經營）,高雄市,岡山區,820,,高雄市岡山區岡山里壽天路12號,07-6222131,22.796612,120.29444299999999,,岡山區
14,1102110011,高雄市立小港醫院(委託財團法人私立高雄醫學大學經營),高雄市,小港區,812,,高雄市小港區山明里山明路四八二號B1-10樓,07-8036783,22.567359,120.363101,,小港區
15,1107120017,義大醫療財團法人義大癌治療醫院,高雄市,燕巢區,824,,高雄市燕巢區角宿里義大路21號,07-6150022,22.764405,120.3627832,,燕巢區
16,1107320017,義大醫療財團法人義大大昌醫院,高雄市,三民區,807,,高雄市三民區大昌一路305號地下1樓至6樓,07-5599123,22.652288000000002,120.329053,,三民區
17,1107350015,天主教聖功醫療財團法人聖功醫院,高雄市,苓雅區,802,,高雄市苓雅區建國一路352號,07-2238153,22.63316,120.323966,,苓雅區
18,1142010518,高雄市立鳳山醫院（委託長庚醫療財團法人經營）,高雄市,鳳山區,830,,高雄市鳳山區經武路42號,07-7418151,22.628244,120.362974,,鳳山區
19,1142100017,長庚醫療財團法人高雄長庚紀念醫院,高雄市,鳥松區,833,,高雄市鳥松區大埤路123號,07-7317123,22.655663,120.357238,,鳥松區
20,1142120001,義大醫療財團法人義大醫院,高雄市,燕巢區,824,,高雄市燕巢區角宿里義大路1號,07-6150011,22.770797,120.358397,,燕巢區
21,1202080029,信義醫療財團法人高雄基督教醫院,高雄市,苓雅區,802,,高雄市苓雅區華新街86號,07-3321111,22.613902,120.296232,,苓雅區
22,1302050014,財團法人私立高雄醫學大學附設中和紀念醫院,高雄市,三民區,807,,高雄市三民區十全一路100號,07-3121101,22.647734699999997,120.31041599999999,,三民區
23,1307370011,高雄市立旗津醫院,高雄市,旗津區,805,,高雄市旗津區旗港路33號,07-5711188,22.59021,120.285113,,旗津區
24,1502020065,正大醫院,高雄市,鼓山區,804,,高雄市鼓山區鼓山三路128-9號,07-5823989,22.663874,120.27954,,鼓山區
25,1502031095,馨蕙馨醫院,高雄市,左營區,813,,高雄市左營區明誠二路五四一號,07-5586080,22.660969,120.30376399999999,,左營區
26,1502031102,柏仁醫院,高雄市,左營區,813,,高雄市左營區博愛二路350號地下1樓至地上1-5樓,07-5508888,22.6643339,120.30347649999999,,左營區
27,1502040021,健仁醫院,高雄市,楠梓區,811,,高雄市楠梓區中陽里楠陽路136號,07-3517166,22.72362,120.328988,,楠梓區
28,1502040076,顏威裕醫院,高雄市,楠梓區,811,,高雄市楠梓區秀昌里後昌路826號,07-3639053,22.711168,120.29569199999999,,楠梓區
29,1502041108,長春醫院,高雄市,楠梓區,811,,高雄市楠梓區右昌街331號,07-3612995,22.714272,120.2891,,楠梓區
30,1502041117,右昌聯合醫院,高雄市,楠梓區,811,,高雄市楠梓區軍校路930號,07-3643388,22.7138,120.290879,,楠梓區
31,1502050045,德謙醫院,高雄市,三民區,807,,高雄市三民區九如二路18號地下1樓至6樓,07-3210981,22.64066,120.313181,,三民區
32,1502050152,南山醫院,高雄市,三民區,807,,高雄市三民區建東里建國三路151號,07-2882101,22.637670999999997,120.29853500000002,,三民區
33,1502050170,祐生醫院,高雄市,三民區,807,,高雄市三民區建國三路60號,07-2866688,22.637983,120.29610600000001,,三民區
34,1502050241,民族醫院,高雄市,三民區,807,,高雄市三民區民族一路880號,07-3462802,22.668546,120.31745900000001,,三民區
35,1502050296,文雄醫院,高雄市,三民區,807,,高雄市三民區察哈爾二街132號地下1層地上1至4層,07-3165275,22.64794,120.299466,,三民區
36,1502051426,四季台安醫院,高雄市,三民區,807,,高雄市三民區聯興路157號,07-3983000,22.659470000000002,120.31386100000002,,三民區
37,1502060014,蕭志文醫院,高雄市,新興區,800,,高雄市新興區七賢一路102號,07-2240252,22.633944,120.31433100000001,,新興區
38,1502060149,惠仁醫院,高雄市,新興區,800,,高雄市新興區中山一路67-2號,07-2010196,22.6298265,120.29924640000002,,新興區
39,1502070029,重仁骨科,高雄市,前金區,801,,高雄市前金區中華三路247號,07-2813136,22.634354300000002,120.2937679,,前金區
40,1502070118,健新醫院,高雄市,前金區,801,,高雄市前金區七賢二路295號,07-2613866,22.631257,120.29083999999999,,前金區
41,1502081175,邱外科醫院,高雄市,苓雅區,802,,高雄市苓雅區成功一路137號1-6樓,07-3335131,22.614608999999998,120.29756,,苓雅區
42,1502090209,吳昆哲婦產小兒科醫院,高雄市,前鎮區,806,,高雄市前鎮區民權二路430號,07-3319611,22.612107,120.314356,,前鎮區
43,1502111089,戴銘浚婦兒醫院,高雄市,小港區,812,,高雄市小港區宏平路661號,07-8061289,22.569572,120.351192,,小港區
44,1507010014,新高鳳醫院,高雄市,鳳山區,830,,高雄市鳳山區光遠路360號,07-7472320,22.6262003,120.3587368,,鳳山區
45,1507290012,生安婦產小兒科醫院,高雄市,鼓山區,804,,高雄市鼓山區美術東二路177號B2-11F,07-5223138,22.662407,120.28831100000001,,鼓山區
46,1507300022,博愛蕙馨醫院,高雄市,左營區,813,,高雄市左營區博愛二路20號1-7樓,07-8628880,22.666576,120.303474,,左營區
47,1507310019,金安心醫院,高雄市,楠梓區,811,,高雄市楠梓區加昌路606號1-4樓,07-3649890,22.715882,120.29898,,楠梓區
48,1507320015,新高醫院,高雄市,三民區,807,,高雄市三民區莊敬路288號,07-3828814,22.649991,120.318257,,三民區
49,1507340044,活力得中山脊椎外科醫院,高雄市,前金區,801,,高雄市前金區青年二路6號1-4樓,07-2317108,22.620029000000002,120.301704,,前金區
50,1507360019,瑞祥醫院,高雄市,前鎮區,806,,高雄市前鎮區班超路92號,07-7717503,22.602632999999997,120.32493799999999,,前鎮區
51,1507360028,新正薪醫院,高雄市,前鎮區,806,,高雄市前鎮區一心一路233號1-4樓,07-9705335,22.60791,120.31775400000001,,前鎮區
52,1542010052,大東醫院,高雄市,鳳山區,830,,高雄市鳳山區光遠路171-2號,07-7463762,22.625364,120.36205700000001,,鳳山區
53,1542010141,優生婦產科醫院,高雄市,鳳山區,830,,高雄市鳳山區自由路189號,07-7478629,22.625555,120.351021,,鳳山區
54,1542011237,惠德醫院,高雄市,鳳山區,830,,高雄市鳳山區福祥街81號及同號2樓,07-8126000,22.592126999999998,120.32536200000001,,鳳山區
55,1542011282,杏和醫院,高雄市,鳳山區,830,,高雄市鳳山區五甲二路389號1樓,07-7613111,22.597673,120.335627,,鳳山區
56,1542020058,劉嘉修醫院,高雄市,岡山區,820,,高雄市岡山區岡山里岡山路428號,07-6222836,22.795756,120.29586699999999,,岡山區
57,1542020067,劉光雄醫院,高雄市,岡山區,820,,高雄市岡山區岡山路380-1號,07-6219156,22.794195000000002,120.2937176,,岡山區
58,1542021171,惠川醫院,高雄市,岡山區,820,,岡山區岡山路92號,07-6229292,22.787979999999997,120.29673000000001,,岡山區
59,1542030018,重安醫院,高雄市,旗山區,842,,高雄市旗山區大德里大仁街18號,07-6618471,22.883021,120.484822,,旗山區
60,1542030116,溪洲醫院,高雄市,旗山區,842,,高雄市旗山區延平一路408．412號,07-6621985,22.892927,120.483167,,旗山區
61,1542040050,三聖醫院,高雄市,美濃區,843,,高雄市美濃區合和里合和路56號,07-6818495,22.8941331,120.548179,,美濃區
62,1542050056,建佑醫院,高雄市,林園區,832,,高雄市林園區東林西路358號B1-6樓,07-6437901,22.503689,120.3863092,,林園區
63,1542051151,霖園醫院,高雄市,林園區,832,,高雄市林園區林園里林園北路244號,07-6413399,22.5089269,120.39238970000001,,林園區
64,1542061077,樂生婦幼醫院,高雄市,大寮區,831,,高雄市大寮區鳳林三路532號,07-7862688,22.606815,120.39558500000001,,大寮區
65,1542061148,瑞生醫院,高雄市,大寮區,831,,高雄市大寮區中興里鳳林四路192號,07-7835175,22.617829999999998,120.38487479999999,,大寮區
66,1542140046,長佑醫院,高雄市,阿蓮區,822,,高雄市阿蓮區清蓮里中山路150號,07-6311267,22.877576,120.327731,,阿蓮區
67,1542150033,溫有諒醫院,高雄市,路竹區,821,,高雄市路竹區竹南村延平路57號,07-6965136,22.857968,120.25868899999999,,路竹區
68,1542150042,高新醫院,高雄市,路竹區,821,,高雄市路竹區中山路627號,07-6975903,22.865457,120.256918,,路竹區
69,2342010013,高雄市鳳山區衛生所,高雄市,鳳山區,830,,高雄市鳳山區經武路34巷2號,07-7430437,22.627334,120.36264299999999,,鳳山區
70,2342020019,高雄市岡山區衛生所,高雄市,岡山區,820,,高雄市岡山區公園路50號,07-6212015,22.7961195,120.2910096,,岡山區
71,2342030015,高雄市旗山區衛生所,高雄市,旗山區,842,,高雄市旗山區湄洲里中正路197號,07-6612054,22.890057000000002,120.479968,,旗山區
72,2342040011,高雄市美濃區衛生所,高雄市,美濃區,843,,高雄市美濃區美中路二四六號,07-6812064,22.894942,120.541471,,
73,2342050017,高雄市林園區衛生所,高雄市,林園區,832,,高雄市林園區林園北路186號,07-6412404,22.507762,120.395008,,林園區
74,2342060013,高雄市大寮區衛生所,高雄市,大寮區,831,,高雄市大寮區進學路129巷2-1號,07-7811965,22.604395,120.393515,,大寮區
75,2342070019,高雄市大樹區衛生所,高雄市,大樹區,840,,高雄市大樹區中興北路120號,07-6512935,22.693465,120.43288999999999,,大樹區
76,2342080015,高雄市仁武區衛生所,高雄市,仁武區,814,,高雄市仁武區仁武里地政街23號,07-3711434,22.701311999999998,120.347655,,仁武區
77,2342090011,大社區衛生所,高雄市,大社區,815,,高雄市大社區自強街7號,07-3511774,22.731170499999998,120.3471163,,大社區
78,2342100012,高雄市鳥松區衛生所,高雄市,鳥松區,833,,高雄市鳥松區鳥松里文前路文北巷1弄4號,07-7316404,22.663573,120.36059679999998,,鳥松區
79,2342110018,高雄市橋頭區衛生所,高雄市,橋頭區,825,,高雄市橋頭區橋頭里隆豐路5號,07-6113516,22.757895,120.311416,,橋頭區
80,2342120014,高雄市燕巢區衛生所,高雄市,燕巢區,824,,高雄市燕巢區南燕里中興路2號,07-6161148,22.793029999999998,120.361659,,燕巢區
81,2342130010,高雄市田寮區衛生所,高雄市,田寮區,823,,高雄市田寮區南安里崗北路32號,07-6361504,22.8698826,120.35943600000002,,田寮區
82,2342140016,高雄市阿蓮區衛生所,高雄市,阿蓮區,822,,高雄市阿蓮區民生路94-1號,07-6317141,22.882808999999998,120.327524,,阿蓮區
83,2342150012,高雄市路竹區衛生所,高雄市,路竹區,821,,高雄市路竹區竹南里國昌路86巷22號,07-6962449,22.8494042,120.26281110000001,,路竹區
84,2342160018,高雄市湖內區衛生所,高雄市,湖內區,829,,高雄市湖內區湖中路203號,07-6993009,22.905245,120.222385,,湖內區
85,2342170014,高雄市茄萣區衛生所,高雄市,茄萣區,852,,高雄市茄萣區濱海路二段1號,07-6989275,22.888198000000003,120.18499399999999,,茄萣區
86,2342180010,高雄市永安區衛生所,高雄市,永安區,828,,高雄市永安區永安路26號,07-6912015,22.8188925,120.2263086,,永安區
87,2342190016,高雄市彌陀區衛生所,高雄市,彌陀區,827,,高雄市彌陀區中華路1巷5弄1號,07-6175307,22.782146,120.250575,,彌陀區
88,2342200017,高雄市梓官區衛生所,高雄市,梓官區,826,,高雄市梓官區梓信里公館路45號,07-6103050,22.764651,120.267641,,梓官區
89,2342210013,高雄市六龜區衛生所,高雄市,六龜區,844,,高雄市六龜區六龜里民治路18號,07-6891244,22.998093899999997,120.6311182,,六龜區
90,2342220019,高雄市甲仙區衛生所,高雄市,甲仙區,847,,高雄市甲仙區和安里中山路52號,07-6751029,23.083935,120.58745400000001,,甲仙區
91,2342230015,高雄市杉林區衛生所,高雄市,杉林區,846,,高雄市杉林區山仙路93巷2號,07-6771319,22.982568,120.555369,,杉林區
92,2342240011,高雄市內門區衛生所,高雄市,內門區,845,,高雄市內門區觀亭里16鄰中埔頭20號,07-6671088,22.9560087,120.4703258,,內門區
93,2342250017,高雄市茂林區衛生所,高雄市,茂林區,851,,高雄市茂林區茂林里8之4號,07-6801046,22.886187,120.663269,,茂林區
94,2342260013,高雄市桃源區衛生所,高雄市,桃源區,848,,高雄市桃源區桃源里南進巷188-1號,07-6861126,23.158454000000003,120.764176,,桃源區
95,2342270019,高雄市那瑪夏區衛生所,高雄市,那瑪夏區,849,,高雄市那瑪夏區瑪雅里6鄰平和巷252號,07-6701142,23.2381279,120.6942523,,那瑪夏區
96,2502090013,國軍高雄門診中心附設民眾診療服務處,高雄市,前鎮區,806,,高雄市前鎮區興東里光華二路51號,07-3344003,22.60993,120.31679399999999,,前鎮區
97,2702040071,台灣中油股份有限公司煉製事業部國光聯合診所,高雄市,楠梓區,811,,高雄市楠梓區後昌路546巷2號,07-5824141,22.708342000000002,120.301002,,楠梓區
98,3402040512,日月光半導體製造股份有限公司,高雄市,楠梓區,811,,高雄市楠梓區經五路123號6樓,07-3617131,22.721849,120.301612,,楠梓區
99,3502010187,木雄婦產科診所,高雄市,鹽埕區,803,,高雄市鹽埕區大禮街6０－1號,07-5618121,22.622207999999997,120.28773899999999,,鹽埕區
100,3502010329,劉應炎診所,高雄市,鹽埕區,803,,高雄市鹽埕區大公路100號,07-5511051,22.627883100000002,120.28250859999999,,鹽埕區
101,3502010427,施家庭醫學科診所,高雄市,鹽埕區,803,,高雄市鹽埕區新興街118號,07-5324460,22.627066,120.282072,,鹽埕區
102,3502010463,盧榮坤小兒科診所,高雄市,鹽埕區,803,,高雄市鹽埕區莒光街137號,07-5315657,22.622795,120.284122,,鹽埕區
103,3502010507,汪昇勳耳鼻喉科診所,高雄市,鹽埕區,803,,高雄市鹽埕區瀨南街225之1號一樓,07-5216655,22.627985,120.284123,,鹽埕區
104,3502020254,柯文良小兒科診所,高雄市,鼓山區,804,,高雄市鼓山區華榮路352號,07-5535760,22.667704,120.296152,,鼓山區
105,3502020316,家安診所,高雄市,鼓山區,804,,高雄市鼓山區明誠里裕誠路1515號 ,07-5541515,22.664864,120.295185,,鼓山區
106,3502020423,謝加晉診所,高雄市,鼓山區,804,,高雄市鼓山區民利街1號1樓,07-5532526,22.661317899999997,120.2950065,,鼓山區
107,3502020503,建元診所,高雄市,鼓山區,804,,高雄市鼓山區裕誠路1143號,07-5543957,22.665634,120.297679,,鼓山區
108,3502020530,瑞芳耳鼻喉科診所,高雄市,鼓山區,804,,高雄市鼓山區華榮路298號1樓 ,07-5527887,22.666279,120.29701599999999,,鼓山區
109,3502020549,腎美診所,高雄市,鼓山區,804,,高雄市鼓山區中華一路336號,07-5544900,22.6623533,120.29216890000001,,鼓山區
110,3502021635,明誠聯合診所,高雄市,鼓山區,804,,高雄市鼓山區中華一路310號 ,07-5538665,22.665633,120.291402,,鼓山區
111,3502021733,祐琳小兒科診所,高雄市,鼓山區,804,,高雄市鼓山區裕誠路1180號 ,07-5551870,22.666021,120.297486,,鼓山區
112,3502021760,容婦產科診所,高雄市,鼓山區,804,,高雄市鼓山區明誠三路487號,07-5541000,22.6610303,120.3004475,,鼓山區
113,3502022114,祐安小兒科診所,高雄市,鼓山區,804,,高雄市鼓山區九如四路1410號,07-5318616,22.658201000000002,120.279276,,鼓山區
114,3502022150,建生診所,高雄市,鼓山區,804,,高雄市鼓山區美術東四路325號,07-5555366,22.660823999999998,120.290101,,鼓山區
115,3502022203,吳展名診所,高雄市,鼓山區,804,,高雄市鼓山區明誠三路598號,07-5535658,22.661335,120.297421,,鼓山區
116,3502022230,鄭廣仁小兒科診所,高雄市,鼓山區,804,,高雄市鼓山區華榮路207號,07-5555350,22.665539000000003,120.296746,,鼓山區
117,3502030072,德仁診所,高雄市,左營區,813,,高雄市左營區勝利路190號,07-5819228,22.6817426,120.2888253,,左營區
118,3502030143,吳光男小兒科內科診所,高雄市,左營區,813,,高雄市左營區?後街19號,07-5812871,22.6832395,120.2881433,,左營區
119,3502030189,胡義祥內兒科診所,高雄市,左營區,813,,高雄市左營區左營大路85號,07-5826811,22.682491,120.28814299999999,,左營區
120,3502030385,馬遠成診所,高雄市,左營區,813,,高雄市左營區果峰街2巷2號1樓,07-5832348,22.670597,120.28924599999999,,左營區
121,3502030474,傳家家庭醫學科診所,高雄市,左營區,813,,高雄市左營區裕誠路265號,07-5587919,22.664699,120.30915900000001,,左營區
122,3502030483,蔡鶴峰診所,高雄市,左營區,813,,高雄市左營區後昌路601號,07-3661818,22.707707,120.29952,,左營區
123,3502030616,長安診所,高雄市,左營區,813,,高雄市左營區左營大路253號1樓,07-5821864,22.686201,120.290442,,左營區
124,3502030643,黃昭文診所,高雄市,左營區,813,,高雄市左營區自由二路255號1樓,07-5592289,22.662453699999997,120.30817590000001,,左營區
125,3502030723,楊宜璋耳鼻喉科診所,高雄市,左營區,813,,高雄市左營區明誠二路362 號1樓,07-5591007,22.66142,120.30728899999998,,左營區
126,3502030750,沈嘉充診所,高雄市,左營區,813,,高雄市左營區中華一路5號,07-5851778,22.669611,120.28465770000001,,左營區
127,3502030876,李建中診所,高雄市,左營區,813,,高雄市左營區崇德路238號1樓,07-3498018,22.67526,120.30474199999999,,左營區
128,3502030947,國聖診所,高雄市,左營區,813,,高雄市左營區文慈路150號,07-3506203,22.681832999999997,120.31811699999999,,左營區
129,3502031953,力人耳鼻喉科診所,高雄市,左營區,813,,高雄市左營區自由二路456 號1樓,07-5560618,22.6680745,120.30739820000001,,左營區
130,3502032110,張簡耳鼻喉科診所,高雄市,左營區,813,,高雄市左營區自由三路300號,07-3454185,22.674069,120.312325,,左營區
131,3502032192,金仁福診所,高雄市,左營區,813,,高雄市左營區華夏路228號,07-5529843,22.669949,120.29679099999998,,左營區
132,3502032227,李凱斌小兒科診所,高雄市,左營區,813,,高雄市左營區文莊路53號,07-3454784,22.677401500000002,120.3099618,,左營區
133,3502032316,王欽程診所,高雄市,左營區,813,,高雄市左營區華夏路1141號,07-3491100,22.684370899999998,120.3068563,,左營區
134,3502032325,華夏診所,高雄市,左營區,813,,高雄市左營區華夏路708號1樓,07-3453961,22.677888,120.302205,,左營區
135,3502032432,薛智峰耳鼻喉科診所,高雄市,左營區,813,,高雄市左營區新光里華夏路703號,07-3439190,22.678188000000002,120.302074,,左營區
136,3502032594,陳進成診所,高雄市,左營區,813,,高雄市左營區華夏路985號1樓,07-3503387,22.681534,120.30533799999999,,左營區
137,3502032610,乃聖診所,高雄市,左營區,813,,高雄市左營區文強路232號1樓,07-3500041,22.676876,120.307728,,左營區
138,3502032638,王津勝小兒科診所,高雄市,左營區,813,,高雄市左營區華夏路260號,07-5533243,22.670603,120.297169,,左營區
139,3502032656,吉祥診所,高雄市,左營區,813,,高雄市左營區翠華路601巷75號,07-5810757,22.672416000000002,120.28956799999999,,左營區
140,3502032781,晨田耳鼻喉科診所,高雄市,左營區,813,,高雄市左營區福山里榮佑路41號,07-3508893,22.681703,120.320644,,左營區
141,3502032790,康澤小兒科診所,高雄市,左營區,813,,高雄市左營區自由三路382號1樓,07-3453356,22.67494,120.31246999999999,,左營區
142,3502032825,林克臻婦產科診所,高雄市,左營區,813,,高雄市左營區華夏路628號1.2樓,07-3480088,22.676742800000003,120.2991654,,左營區
143,3502032861,陳俊男診所,高雄市,左營區,813,,高雄市左營區自由二路216號1樓,07-5506531,22.663829999999997,120.30851899999999,,左營區
144,3502032889,李全忠診所,高雄市,左營區,813,,高雄市左營區自由三路528號,07-3450696,22.678345999999998,120.313721,,左營區
145,3502032941,龔晉賢內科診所,高雄市,左營區,813,,高雄市左營區左營大路514-6號,07-5887903,22.6894351,120.295529,,左營區
146,3502033082,恩欣小兒科診所,高雄市,左營區,813,,高雄市左營區自由四路324號,07-3451966,22.684915,120.316579,,左營區
147,3502033297,福山診所,高雄市,左營區,813,,高雄市左營區重愛路218號1樓,07-3482323,22.685597,120.315601,,左營區
148,3502033304,永霖小兒科診所,高雄市,左營區,813,,高雄市左營區孟子路415號1樓 ,07-3498118,22.6755,120.30768400000001,,左營區
149,3502033329,陳信旭小兒科診所,高雄市,左營區,813,,高雄市左營區明華一路156號1樓,07-5590256,22.6629368,120.30701129999998,,左營區
150,3502033420,富誠診所,高雄市,左營區,813,,高雄市左營區富國路355號,07-5560925,22.666859,120.307305,,左營區
151,3502033573,楊東穎診所,高雄市,左營區,813,,高雄市左營區自由三路327號1樓 ,07-3505726,22.674198,120.311865,,左營區
152,3502033582,健志耳鼻喉科診所,高雄市,左營區,813,,高雄市左營區新庄仔路201號1樓,07-3432201,22.670081,120.30486499999999,,左營區
153,3502040078,歐慈德內科診所,高雄市,楠梓區,811,,高雄市楠梓區後昌路915號,07-3633900,22.71339,120.293728,,楠梓區
154,3502040238,楊煌榮內科診所,高雄市,楠梓區,811,,高雄市楠梓區加昌路972號,07-3618293,22.713050600000003,120.29060520000002,,楠梓區
155,3502040256,平安診所,高雄市,彌陀區,827,,高雄市彌陀區中正路233-1號,07-3513787,22.784924899999996,120.247551,,彌陀區
156,3502040309,宏生診所,高雄市,楠梓區,811,,高雄市楠梓區樂群路179巷2號,07-3619412,22.718957,120.29671599999999,,楠梓區
157,3502040318,吉豐耳鼻喉科診所,高雄市,楠梓區,811,,高雄市楠梓區建楠路143號,07-3515056,22.726741,120.326605,,楠梓區
158,3502040434,苑秉純診所,高雄市,楠梓區,811,,高雄市楠梓區軍校路792號,07-3645885,22.7098511,120.293051,,楠梓區
159,3502040550,宏育診所,高雄市,楠梓區,811,,高雄市楠梓區樂群路241號,07-3655331,22.720579999999998,120.296127,,楠梓區
160,3502040578,健安診所,高雄市,楠梓區,811,,高雄市楠梓區岳陽街53號,07-3529801,22.729748999999998,120.32850230000001,,楠梓區
161,3502040596,高耿耀診所,高雄市,楠梓區,811,,高雄市楠梓區建楠路179號,07-3529803,22.726808,120.3236223,,楠梓區
162,3502040649,楊雲志診所,高雄市,楠梓區,811,,高雄市楠梓區軍校路676號,07-3643826,22.7071896,120.29308999999999,,楠梓區
163,3502040667,陳顯明診所,高雄市,楠梓區,811,,高雄市楠梓區德賢路265號,07-3648127,22.726114000000003,120.303945,,楠梓區
164,3502040685,康東原診所,高雄市,楠梓區,811,,高雄市楠梓區右昌街376號 ,07-3610115,22.715042,120.28898000000001,,楠梓區
165,3502040738,常德診所,高雄市,楠梓區,811,,高雄市楠梓區常德路331號,07-3537431,22.737475399999997,120.3372017,,楠梓區
166,3502040809,聖昌診所,高雄市,楠梓區,811,,高雄市楠梓區後昌路773號,07-3639666,22.7102021,120.2960562,,楠梓區
167,3502040818,佑強診所,高雄市,楠梓區,811,,高雄市楠梓區德民路908號,07-3683687,22.7212128,120.28956370000002,,楠梓區
168,3502041824,郭士彰耳鼻喉科診所,高雄市,楠梓區,811,,高雄市楠梓區後昌路862-1號,07-3683235,22.712391,120.29462099999999,,楠梓區
169,3502041860,孫欲珍小兒科家庭醫學科診所,高雄市,楠梓區,811,,高雄市楠梓區海專路237號1樓,07-3613709,22.725048899999997,120.3126111,,楠梓區
170,3502041888,祥霖診所,高雄市,楠梓區,811,,高雄市楠梓區德賢路530巷9號,07-3630930,22.726402,120.30172900000001,,楠梓區
171,3502041977,冠全診所,高雄市,楠梓區,811,,高雄市楠梓區德民路1002-12號,07-3602123,22.720299,120.28765200000001,,楠梓區
172,3502042036,仁安診所,高雄市,楠梓區,811,,高雄市楠梓區後昌路1165號,07-3684128,22.717288,120.29093,,楠梓區
173,3502042054,杏生婦產科診所,高雄市,楠梓區,811,,高雄市楠梓區德民路290號,07-3658288,22.725964,120.30749499999999,,楠梓區
174,3502042223,王建安小兒科診所,高雄市,楠梓區,811,,高雄市楠梓區德民路949號1樓,07-3600680,22.720698000000002,120.288946,,楠梓區
175,3502042248,廣佑安診所,高雄市,楠梓區,811,,高雄市楠梓區德民路782號,07-3605998,22.721932000000002,120.29257199999999,,楠梓區
176,3502042269,健康家庭醫學科診所,高雄市,楠梓區,811,,高雄市楠梓區清豐二路86號,07-3535296,22.737485600000003,120.3309387,,楠梓區
177,3502042296,長義診所,高雄市,楠梓區,811,,高雄市楠梓區惠民路46號,07-3640553,22.724916,120.298573,,楠梓區
178,3502042312,家福耳鼻喉科診所,高雄市,楠梓區,811,,高雄市楠梓區後昌新路15號,07-3609988,22.718476000000003,120.291688,,楠梓區
179,3502050378,董金山診所,高雄市,三民區,807,,高雄市三民區大昌二路544號,07-3833405,22.651829,120.33018,,三民區
180,3502051133,黃義霖診所,高雄市,三民區,807,,高雄市三民區澄和路6號,07-3857422,22.6444657,120.3437963,,三民區
181,3502051348,曾繁英診所,高雄市,三民區,807,,高雄市三民區自立一路267號,07-3111048,22.64249,120.29614299999999,,三民區
182,3502051366,黃旭瑞耳鼻喉科診所,高雄市,三民區,807,,高雄市三民區大昌二路482號1樓,07-3802334,22.650932,120.33118300000001,,三民區
183,3502051375,蕭瑞榮小兒科診所,高雄市,三民區,807,,高雄市三民區建工路533號,07-3867121,22.647856,120.31541399999999,,三民區
184,3502051428,張倉銓診所,高雄市,三民區,807,,高雄市三民區大順二路183號,07-3808538,22.642932300000002,120.3264439,,三民區
185,3502051544,莊永昌診所,高雄市,三民區,807,,高雄市三民區建工路332號,07-3922289,22.653182,120.3307196,,三民區
186,3502051599,徐樹本小兒科診所,高雄市,三民區,807,,高雄市三民區建興路373號,07-3867833,22.646792,120.32215,,三民區
187,3502051642,羅韻珊小兒科診所,高雄市,三民區,807,,高雄市三民區大豐二路110-1號1樓,07-3870430,22.645734,120.32911000000001,,三民區
188,3502051839,余建興耳鼻喉科診所,高雄市,三民區,807,,高雄市三民區建興路183號1樓,07-3952899,22.643608,120.326045,,三民區
189,3502051955,胡榿小兒科診所,高雄市,三民區,807,,高雄市三民區九如一路820號,07-3827356,22.640161,120.31948999999999,,三民區
190,3502052121,王俊仁耳鼻喉科診所,高雄市,三民區,807,,高雄市三民區陽明路416號,07-3959039,22.646237,120.34295,,三民區
191,3502052130,振祐診所,高雄市,三民區,807,,高雄市三民區大豐二路154號,07-3805909,22.645451,120.330757,,三民區
192,3502052149,王婦產科診所,高雄市,三民區,807,,高雄市三民區九如一路440號,07-3873979,22.638967800000003,120.3300926,,三民區
193,3502052274,醫鼎診所,高雄市,三民區,807,,高雄市三民區裕誠路1０1號一樓二樓,07-3506789,22.663776000000002,120.313519,,三民區
194,3502052292,王漢卿小兒科診所,高雄市,三民區,807,,高雄市三民區陽明路132號,07-3877918,22.640579000000002,120.34183600000001,,三民區
195,3502052345,儲昭仁耳鼻喉科診所,高雄市,三民區,807,,高雄市三民區九如一路854號,07-3890470,22.640239,120.31873799999998,,三民區
196,3502052498,范雅修小兒科診所,高雄市,三民區,807,,高雄市三民區平等路163號,07-3876366,22.64219,120.32083100000001,,三民區
197,3502052694,育明診所,高雄市,三民區,807,,高雄市三民區民族一路537號,07-3478461,22.666021,120.31634,,三民區
198,3502052729,開元診所,高雄市,三民區,807,,高雄市三民區陽明路21號,07-3873595,22.637644100000003,120.3409405,,三民區
199,3502052756,蔡仁正診所,高雄市,三民區,807,,高雄市三民區天祥一路200號,07-3597493,22.6679807,120.3183334,,三民區
200,3502053904,許聰騰診所,高雄市,三民區,807,,高雄市三民區大昌二路100號,07-3981023,22.6429636,120.3323267,,三民區
201,3502054125,張殷彰診所,高雄市,三民區,807,,高雄市三民區建工路531號,07-3867121,22.647856,120.31541399999999,,三民區
202,3502054250,黃學武家庭醫學科診所,高雄市,三民區,807,,高雄市三民區大昌二路23號,07-3815668,22.6392785,120.33214840000002,,三民區
203,3502054465,謝明容耳鼻喉科診所,高雄市,三民區,807,,高雄市三民區大昌二路142號1樓,07-3973999,22.644204000000002,120.332256,,三民區
204,3502054527,黃志維耳鼻喉科診所,高雄市,三民區,807,,高雄市三民區建工路608號,07-3947605,22.649476999999997,120.32313799999999,,三民區
205,3502054616,桔生診所,高雄市,三民區,807,,高雄市三民區裕誠路109號,07-3454838,22.6636776,120.31331829999999,,三民區
206,3502054652,高鳳診所,高雄市,三民區,807,,高雄市三民區灣中街328號一樓,07-3865481,22.649884,120.31786299999999,,三民區
207,3502054698,德恩內科診所,高雄市,三民區,807,,高雄市三民區民族一路390號,07-3958282,22.6527341,120.3154544,,三民區
208,3502054929,承安耳鼻喉科診所,高雄市,三民區,807,,高雄市三民區力行路250號1樓,07-3160789,22.6380488,120.28666750000001,,三民區
209,3502055024,蔡智禮診所,高雄市,三民區,807,,高雄市三民區北平一街132號,07-3225728,22.650157,120.305108,,三民區
210,3502055211,明陽診所,高雄市,三民區,807,,高雄市三民區陽明路65號,07-3963488,22.638838,120.34118500000001,,三民區
211,3502055275,明榮診所,高雄市,三民區,807,,高雄市三民區熱河一街370號1-2樓,07-3222875,22.644009,120.305858,,三民區
212,3502055293,元成診所,高雄市,三民區,807,,高雄市三民區陽明路81號,07-3903808,22.639694,120.34126200000001,,三民區
213,3502055364,晶品診所,高雄市,三民區,807,,高雄市三民區十全一路223號1樓,07-3222517,22.644848,120.307277,,三民區
214,3502055389,禾泰診所,高雄市,三民區,807,,高雄市三民區陽明路68號,07-3903812,22.6395147,120.3415575,,三民區
215,3502055499,偉倫小兒科診所,高雄市,三民區,807,,高雄市三民區鼎山街256號1樓,07-3800333,22.6599543,120.321977,,三民區
216,3502060070,瑞益內兒科診所,高雄市,新興區,800,,高雄市新興區復興二路107號,07-2312901,22.622849,120.309146,,新興區
217,3502060150,葉英鏘診所,高雄市,新興區,800,,高雄市新興區洛陽街1號,07-2387871,22.632746,120.309078,,新興區
218,3502060534,紀耳鼻喉科診所,高雄市,新興區,800,,高雄市新興區林森一路154-1號,07-2719087,22.629766,120.30468,,新興區
219,3502060632,展華內兒科診所,高雄市,新興區,800,,高雄市新興區八德一路182號,07-2386222,22.635707999999997,120.308704,,新興區
220,3502061139,毛重富耳鼻喉科診所,高雄市,新興區,800,,高雄市新興區復興一路107-1號,07-2350168,22.632876800000002,120.3060125,,新興區
221,3502061291,謝德利診所,高雄市,新興區,800,,高雄市新興區林森一路158號,07-2413308,22.630029,120.304775,,新興區
222,3502062976,家佳診所,高雄市,新興區,800,,高雄市新興區和平一路193號,07-2234383,22.630779,120.317574,,新興區
223,3502063035,蔡瑞聲診所,高雄市,新興區,800,,高雄市新興區中正三路六十三號一樓及夾層,07-2413388,22.630770000000002,120.30776000000002,,新興區
224,3502063062,增田診所,高雄市,新興區,800,,高雄市新興區八德一路一五五至一五七號一樓,07-2363128,22.635565,120.308054,,新興區
225,3502063115,健和診所,高雄市,新興區,800,,高雄市新興區青年一路278號一至四樓,07-2513388,22.6222693,120.3089889,,新興區
226,3502063259,偉峰診所,高雄市,新興區,800,,高雄市新興區林森一路126號1樓,07-2820396,22.628484,120.304599,,新興區
227,3502070834,大明診所,高雄市,前金區,801,,高雄市前金區新田路220號一樓,07-2413103,22.6210211,120.2995935,,前金區
228,3502072258,宏祐診所,高雄市,前金區,801,,高雄市前金區中正四路124號,07-2856777,22.630159,120.297468,,前金區
229,3502072267,嘉醫診所,高雄市,前金區,801,,高雄市前金區中華三路86號,07-2411668,22.6279634,120.2966854,,前金區
230,3502072589,德和診所,高雄市,前金區,801,,高雄市前金區自強一路18號一樓,07-2515106,22.629414999999998,120.2938669,,前金區
231,3502080011,五塊厝診所,高雄市,苓雅區,802,,高雄市苓雅區三多一路139號,07-7614545,22.621457,120.328074,,苓雅區
232,3502080027,林文樹小兒科內科診所,高雄市,苓雅區,802,,高雄市苓雅區武慶三路89號,07-7611286,22.621531,120.33153899999999,,苓雅區
233,3502080036,許耳鼻喉科診所,高雄市,苓雅區,802,,高雄市苓雅區復興二路71號,07-3340225,22.621512,120.309669,,苓雅區
234,3502080214,安田婦產科診所,高雄市,苓雅區,802,,高雄市苓雅區三多二路353號,07-7255167,22.618275,120.31808000000001,,苓雅區
235,3502080670,吳國松心臟科診所,高雄市,苓雅區,802,,高雄市苓雅區三多二路283號,07-7614892,22.618813,120.31996699999999,,苓雅區
236,3502080732,許桂庭外科診所,高雄市,苓雅區,802,,高雄市苓雅區福德二路47號(1樓),07-7222634,22.631444000000002,120.32786599999999,,苓雅區
237,3502080787,羅吉雄內外科診所,高雄市,苓雅區,802,,高雄市苓雅區興中一路259號,07-3348118,22.617464000000002,120.310372,,苓雅區
238,3502080894,林國坤診所,高雄市,苓雅區,802,,高雄市苓雅區建國一路115-4號,07-7225391,22.631520000000002,120.33271200000001,,苓雅區
239,3502080929,徐獨立診所,高雄市,苓雅區,802,,高雄市苓雅區武慶三路144號,07-7133284,22.621475,120.331814,,苓雅區
240,3502081499,陳清裕小兒專科診所,高雄市,苓雅區,802,,高雄市苓雅區三多一路327號,07-7517221,22.621675699999997,120.3286565,,苓雅區
241,3502081551,蔡小兒科診所,高雄市,苓雅區,802,,高雄市苓雅區林泉街19號,07-7238382,22.62341,120.31976599999999,,苓雅區
242,3502081631,柯武鎮診所,高雄市,苓雅區,802,,高雄市苓雅區福壽街193號,07-7131840,22.626418,120.32637,,苓雅區
243,3502081659,泰順聯合診所,高雄市,苓雅區,802,,高雄市苓雅區光華一路148-95號,07-2241595,22.626181,120.314976,,苓雅區
244,3502081793,健維診所,高雄市,苓雅區,802,,高雄市苓雅區福建街25號 .永富街4號 . 6號,07-3344637,22.6188885,120.31667479999999,,苓雅區
245,3502081882,小貝貝小兒科診所,高雄市,苓雅區,802,,高雄市苓雅區光華一路25號,07-3332555,22.618910999999997,120.317351,,苓雅區
246,3502081971,惠霖診所,高雄市,苓雅區,802,,高雄市苓雅區建國一路111號一樓,07-7155907,22.631123000000002,120.33398999999999,,苓雅區
247,3502081980,楊朝欽內科診所,高雄市,苓雅區,802,,高雄市苓雅區三多三路238號,07-3349010,22.614656,120.30603700000002,,苓雅區
248,3502082209,劉永豐診所,高雄市,苓雅區,802,,高雄市苓雅區建國一路15之1號,07-7492636,22.628867,120.34053300000001,,苓雅區
249,3502083395,邱靖媛小兒專科診所,高雄市,苓雅區,802,,高雄市苓雅區大順三路172號,07-7215153,22.633124,120.326067,,苓雅區
250,3502083546,童春診所,高雄市,苓雅區,802,,高雄市苓雅區武慶三路98號,07-7210983,22.62047,120.331852,,苓雅區
251,3502083626,吳玉衡小兒科,高雄市,苓雅區,802,,高雄市苓雅區青年一路1-17號一樓,07-7234526,22.6244686,120.3158538,,苓雅區
252,3502083822,聖安診所,高雄市,苓雅區,802,,高雄市苓雅區大順三路186號,07-7277097,22.633411,120.326176,,苓雅區
253,3502083902,同慶診所,高雄市,苓雅區,802,,高雄市苓雅區同慶路78號,07-2260957,22.627647,120.32104,,苓雅區
254,3502083911,小太陽診所,高雄市,苓雅區,802,,高雄市苓雅區和平一路150號,07-2267753,22.627617,120.3191419,,苓雅區
255,3502084150,一誠診所,高雄市,苓雅區,802,,高雄市苓雅區建國一路115之5號,07-7511156,22.631532999999997,120.33267099999999,,苓雅區
256,3502084169,顏小兒科診所,高雄市,苓雅區,802,,高雄市苓雅區輔仁路148號1樓,07-7221409,22.631597,120.33383899999998,,苓雅區
257,3502084187,吳三江內科診所,高雄市,苓雅區,802,,高雄市苓雅區憲政路240號,07-2222088,22.6367,120.32158600000001,,苓雅區
258,3502084230,信君耳鼻喉科診所,高雄市,苓雅區,802,,高雄市苓雅區武廟路30號,07-7168385,22.630064,120.332219,,苓雅區
259,3502084445,善美診所,高雄市,苓雅區,802,,高雄市苓雅區中華四路120號(1~3樓),07-3336030,22.614665,120.301801,,苓雅區
260,3502084472,黃武雄診所 ,高雄市,苓雅區,802,,高雄市苓雅區建國一路286號,07-7275889,22.633049,120.32628799999999,,苓雅區
261,3502090041,謝麗煌小兒科內科診所,高雄市,前鎮區,806,,高雄市前鎮區隆興街151號,07-7716485,22.6058089,120.32780020000001,,前鎮區
262,3502090096,邱仲禮診所,高雄市,前鎮區,806,,高雄市前鎮區鎮榮街45號,07-8211363,22.590439,120.311622,,前鎮區
263,3502090167,施外科診所,高雄市,前鎮區,806,,高雄市前鎮區瑞隆路363號,07-7114423,22.6053815,120.33120290000001,,前鎮區
264,3502090309,聖青診所,高雄市,前鎮區,806,,高雄市前鎮區明禮里草衙一路112號,07-8310970,22.584226,120.32223,,前鎮區
265,3502090470,瑞隆診所,高雄市,前鎮區,806,,高雄市前鎮區瑞東里瑞隆路373號,07-7512099,22.60535,120.331052,,前鎮區
266,3502090514,林正宗診所,高雄市,前鎮區,806,,高雄市前鎮區一心一路404號,07-3303615,22.60953,120.314903,,前鎮區
267,3502090569,親親診所,高雄市,前鎮區,806,,高雄市前鎮區興東里一心一路402號,07-3391078,22.60951,120.315164,,前鎮區
268,3502090621,陳文宏診所,高雄市,前鎮區,806,,高雄市前鎮區瑞隆里瑞隆路319號,07-7131516,22.605458,120.332297,,前鎮區
269,3502090685,博聖診所,高雄市,前鎮區,806,,高雄市前鎮區擴建一路59號,07-8218252,22.591301,120.306618,,前鎮區
270,3502090836,張朝金家庭醫學科外科診所,高雄市,前鎮區,806,,高雄市前鎮區瑞隆路631號,07-7119401,22.604945999999998,120.325303,,前鎮區
271,3502091039,劉志明耳鼻喉科診所,高雄市,前鎮區,806,,高雄市前鎮區一心一路482號,07-3363311,22.609911999999998,120.31423600000001,,前鎮區
272,3502091208,吳信宏耳鼻喉小兒科診所,高雄市,前鎮區,806,,高雄市前鎮區三多二路401號,07-3334258,22.617845000000003,120.31663799999998,,前鎮區
273,3502091235,龔國祥內科診所,高雄市,前鎮區,806,,高雄市前鎮區復興三路301號,07-5351123,22.612151,120.311029,,前鎮區
274,3502091271,楊榮超診所,高雄市,前鎮區,806,,高雄市前鎮區西甲里一心二路133號,07-3382616,22.612089,120.30833600000001,,前鎮區
275,3502091324,林慶端診所,高雄市,前鎮區,806,,高雄市前鎮區竹中里和平二路293號,07-7616392,22.615284,120.32238400000001,,前鎮區
276,3502097175,永興診所,高雄市,前鎮區,806,,高雄市前鎮區鎮興路222號,07-8157006,22.593013,120.311705,,前鎮區
277,3502097237,陳方明診所,高雄市,前鎮區,806,,高雄市前鎮區西山里一心二路59號,07-5374381,22.611402,120.31000900000001,,前鎮區
278,3502097291,黃裕峰耳鼻喉科診所,高雄市,前鎮區,806,,高雄市前鎮區保泰路427號1樓,07-7268385,22.604241000000002,120.33613400000002,,前鎮區
279,3502097755,永祥診所,高雄市,前鎮區,806,,高雄市前鎮區瑞昌里永豐路110號,07-7515678,22.6064854,120.3335864,,前鎮區
280,3502097835,昭哲診所,高雄市,前鎮區,806,,高雄市前鎮區永豐路214號,07-7136366,22.608738,120.333427,,前鎮區
281,3502097997,上晴診所,高雄市,前鎮區,806,,高雄市前鎮區瑞北路88號,07-7249449,22.609247,120.33357,,前鎮區
282,3502098010,吉泰內科診所,高雄市,前鎮區,806,,高雄市前鎮區保泰路419號,07-7616000,22.6040735,120.33584760000001,,前鎮區
283,3502098092,慶大診所,高雄市,前鎮區,806,,高雄市前鎮區中華五路993號2樓,07-5366226,22.602597,120.305875,,前鎮區
284,3502098109,美和診所,高雄市,前鎮區,806,,高雄市前鎮區鎮昌里翠亨北路577號,07-8120053,22.5923598,120.3129618,,前鎮區
285,3502098163,蕭基昌耳鼻喉科診所,高雄市,前鎮區,806,,高雄市前鎮區永豐路91號,07-7510098,22.6059361,120.33334939999999,,前鎮區
286,3502098172,慧安診所,高雄市,前鎮區,806,,高雄市前鎮區瑞和街100號,07-7223889,22.606907,120.330104,,前鎮區
287,3502098190,宏恩診所,高雄市,前鎮區,806,,高雄市前鎮區正勤路71號1樓,07-5370666,22.603048,120.305572,,前鎮區
288,3502098261,維康診所,高雄市,前鎮區,806,,高雄市前鎮區鄭和路45號,07-3345373,22.60748,120.313533,,前鎮區
289,3502100079,白鋒釗診所,高雄市,旗津區,805,,高雄市旗津區中洲三路99-1號,07-5718239,22.597753,120.280374,,旗津區
290,3502100097,徐誌忠內科診所,高雄市,旗津區,805,,高雄市旗津區中洲三路775號,07-5710063,22.61192,120.269795,,旗津區
291,3502110146,羅錦泉診所,高雄市,小港區,812,,高雄市小港區平和路105號,07-8314168,22.565582100000004,120.3331466,,小港區
292,3502110324,大林蒲診所,高雄市,小港區,812,,高雄市小港區鳳林路113-1號,07-8714668,22.526787,120.345932,,小港區
293,3502110440,蔡聰慶診所,高雄市,小港區,812,,高雄市小港區孔鳳路571號1樓,07-7914257,22.581189000000002,120.363801,,小港區
294,3502110593,明義診所,高雄市,小港區,812,,高雄市小港區孔鳳路542號,07-7916959,22.582145,120.35882099999999,,小港區
295,3502110637,施晉南診所,高雄市,小港區,812,,高雄市小港區平治街1號,07-8021622,22.567621,120.358186,,小港區
296,3502110646,洪清中兒科診所,高雄市,小港區,812,,高雄市小港區二苓路192號1樓,07-8063773,22.565513,120.34906200000002,,小港區
297,3502111929,柯芳蓉黃麗瑛小兒科診所,高雄市,小港區,812,,高雄市小港區漢民路716號,07-8053077,22.567544,120.362329,,小港區
298,3502111938,季仁診所,高雄市,小港區,812,,高雄市小港區宏平路497號一樓,07-8013712,22.569596,120.35503100000001,,小港區
299,3502111956,蔡坤霖小兒科診所,高雄市,小港區,812,,高雄市小港區二苓里二苓路148號,07-8030816,22.565373899999997,120.3478971,,小港區
300,3502112079,小林診所,高雄市,小港區,812,,高雄市小港區鳳林路67號,07-8711285,22.525855,120.346852,,小港區
301,3502112140,明港診所,高雄市,小港區,812,,高雄市小港區華山路137號,07-8055116,22.5664272,120.3674282,,小港區
302,3507010025,大欣診所,高雄市,鳳山區,830,,高雄市鳳山區文化路25號1樓,07-7993009,22.633303,120.357879,,鳳山區
303,3507010114,文山診所,高雄市,鳳山區,830,,高雄市鳳山區建國路三段157號,07-7107010,22.636950600000002,120.3535436,,鳳山區
304,3507010150,文德診所,高雄市,鳳山區,830,,高雄市鳳山區文衡路301號1-2樓,07-7805189,22.640157000000002,120.353815,,鳳山區
305,3507010178,孟昌診所,高雄市,鳳山區,830,,高雄市鳳山區海洋二路39號1樓,07-7650908,22.610568,120.34651299999999,,鳳山區
306,3507010249,吳萍建小兒科診所,高雄市,鳳山區,830,,高雄市鳳山區瑞竹里瑞明街90巷8號1樓,07-7191180,22.599576000000003,120.337672,,鳳山區
307,3507010285,吳文誌診所,高雄市,鳳山區,830,,高雄市鳳山區鳳林路258號,07-7820958,22.622177999999998,120.37698600000002,,鳳山區
308,3507010454,文山長慶小兒科診所,高雄市,鳳山區,830,,高雄市鳳山區文龍東路738號,07-7774098,22.64282,120.35396499999999,,鳳山區
309,3507010472,詠馨診所,高雄市,鳳山區,830,,高雄市鳳山區五福一路2號,07-8119789,22.591818,120.326784,,苓雅區
310,3507010481,黃柏仁診所,高雄市,鳳山區,830,,高雄市鳳山區文豐街36巷3號1樓,07-7132835,22.597635999999998,120.3365044,,鳳山區
311,3507010516,杏康診所,高雄市,鳳山區,830,,高雄市鳳山區文化路47-1號,07-7407580,22.633584,120.35632199999999,,鳳山區
312,3507010525,鴻仁健康診所,高雄市,鳳山區,830,,高雄市鳳山區青年路二段148號1-2樓,07-7408333,22.635656,120.35051299999999,,鳳山區
313,3507010614,佑安耳鼻喉科診所,高雄市,鳳山區,830,,高雄市鳳山區中山東路164號1樓,07-7030333,22.6258199,120.3748169,,鳳山區
314,3507010641,九大五甲診所,高雄市,鳳山區,830,,高雄市鳳山區五甲二路348號1樓,07-7276789,22.599554,120.33767900000001,,鳳山區
315,3507010650,高丹榕診所,高雄市,鳳山區,830,,高雄市鳳山區光復路二段223號1樓,07-7475556,22.6292481,120.3446634,,鳳山區
316,3507010678,聖壹診所,高雄市,鳳山區,830,,高雄市鳳山區瑞興路482號,07-7014755,22.63105418,120.37180749999999,,鳳山區
317,3507010696,鳳山德安診所,高雄市,鳳山區,830,,高雄市鳳山區瑞興路416號1F,07-7022957,22.6310114,120.36975749999999,,鳳山區
318,3507010703,牛伯伯兒科診所,高雄市,鳳山區,830,,高雄市鳳山區建國路三段338號,07-7808123,22.638167000000003,120.350096,,鳳山區
319,3507010712,陳彥伸耳鼻喉科診所,高雄市,鳳山區,830,,高雄市鳳山區五甲二路346號1樓,07-7277110,22.599575299999998,120.3377146,,鳳山區
320,3507010767,青聯診所,高雄市,鳳山區,830,,高雄市鳳山區青年路二段358-1號1-2樓,07-7677002,22.641595000000002,120.35141499999999,,鳳山區
321,3507010794,誠愛診所,高雄市,鳳山區,830,,高雄市鳳山區誠義里誠愛路1號,07-7556028,22.608811,120.358804,,鳳山區
322,3507010801,欣診所,高雄市,鳳山區,830,,高雄市鳳山區誠義路31號1-2樓(誠義里),07-7537532,22.608776000000002,120.36053999999999,,鳳山區
323,3507010829,博新診所,高雄市,鳳山區,830,,高雄市鳳山區博愛路19號1樓及21號1樓,07-7019595,22.62632,120.374407,,鳳山區
324,3507020021,岡山家福耳鼻喉科診所,高雄市,岡山區,820,,高雄市岡山區岡山路312號1樓,07-6219595,22.793678,120.295956,,岡山區
325,3507030018,大元診所,高雄市,旗山區,842,,高雄市旗山區大同街13-1號,07-6612100,22.883457999999997,120.4819841,,旗山區
326,3507030036,大政診所,高雄市,旗山區,842,,高雄市旗山區延平一路337號,07-6622588,22.892398,120.483648,,旗山區
327,3507030072,嘉惠診所,高雄市,旗山區,842,,高雄市旗山區大同街42號,07-6621900,22.883369000000002,120.484753,,旗山區
328,3507050083,聯合王婦產科診所,高雄市,林園區,832,,高雄市林園區沿海路三段148號,07-6425968,22.5001061,120.3888287,,林園區
329,3507050092,幸福婦產科診所,高雄市,林園區,832,,高雄市林園區林園北路355號,07-6418383,22.5101437,120.3945712,,林園區
330,3507060043,大鋐診所,高雄市,大寮區,831,,高雄市大寮區中庄里鳳屏一路472號,07-7038188,22.636114000000003,120.392853,,大寮區
331,3507060052,詠新耳鼻喉科診所,高雄市,大寮區,831,,高雄市大寮區鳳屏一路690號1樓,07-7032000,22.638205,120.39716399999999,,大寮區
332,3507060061,周俊仁診所,高雄市,大寮區,831,,高雄市大寮區鳳林三路300號,07-7861168,22.601198999999998,120.39827700000001,,大寮區
333,3507060070,喉康診所,高雄市,大寮區,831,,高雄市大寮區中庄里仁愛路82號1樓,07-7017100,22.606875,120.396157,,大寮區
334,3507080036,蔡定洲耳鼻喉科診所,高雄市,仁武區,814,,高雄市仁武區八德西路2300號,07-3756161,22.687989,120.337475,,仁武區
335,3507080063,仁武好心診所,高雄市,仁武區,814,,高雄市仁武區中正路301號1樓,07-3719895,22.702844,120.35307,,仁武區
336,3507080090,仁雄診所,高雄市,仁武區,814,,高雄市仁武區仁雄路15-1號1樓,07-3741298,22.680976,120.3540854,,仁武區
337,3507080161,大林診所,高雄市,仁武區,814,,高雄市仁武區仁雄路9號1樓,07-3718528,22.681342,120.3547538,,仁武區
338,3507090050,微恩診所,高雄市,大社區,815,,高雄市大社區中山路195號,07-3530781,22.732152,120.34703400000001,,大社區
339,3507100015,豐穎診所,高雄市,鳥松區,833,,高雄市鳥松區鳥松里中正路355-2號,07-7316996,22.6627379,120.3634124,,鳥松區
340,3507110020,張民傑診所,高雄市,橋頭區,825,,高雄市橋頭區新興路95號,07-6118991,22.7587668,120.30734939999999,,橋頭區
341,3507140028,阿蓮康健診所,高雄市,阿蓮區,822,,高雄市阿蓮區中正路383號,07-6317288,22.880538,120.33298,,阿蓮區
342,3507170035,華榮診所,高雄市,茄萣區,852,,高雄市茄萣區仁愛路三段2巷75 號1樓,07-6909097,22.899939,120.188374,,茄萣區
343,3507200010,梓官鴻裕診所,高雄市,梓官區,826,,高雄市梓官區中崙路265號,07-6108058,22.761021399999997,120.26894679999998,,梓官區
344,3507200038,嘉田診所,高雄市,梓官區,826,,高雄市梓官區梓義里進學路124號1樓,07-6103378,22.734358800000003,120.252544,,梓官區
345,3507240014,林重慶診所,高雄市,內門區,845,,高雄市內門區中正路160巷50號1樓,07-6671883,22.91705,120.457627,,內門區
346,3507290283,南加大耳鼻喉科診所,高雄市,鼓山區,804,,高雄市鼓山區明華路303號,07-5525711,22.663334,120.30035,,鼓山區
347,3507290318,朱光興診所,高雄市,鼓山區,804,,高雄市鼓山區文信路256號,07-5227188,22.664737,120.299177,,鼓山區
348,3507290336,為好診所,高雄市,鼓山區,804,,高雄市鼓山區鼓山區九如四路957號,07-5215489,22.653575399999998,120.27512150000001,,鼓山區
349,3507290425,新聖明診所,高雄市,鼓山區,804,,高雄市鼓山區鼓山三路52號,07-5313755,22.6550384,120.27549840000002,,鼓山區
350,3507290434,長佑診所,高雄市,鼓山區,804,,高雄市鼓山區裕誠路1580號,07-5532356,22.663524,120.294168,,鼓山區
351,3507290443,劉水壽診所,高雄市,鼓山區,804,,高雄市鼓山區鼓山二路166之7號,07-5211891,22.636793,120.2810127,,鼓山區
352,3507290505,倫詠診所 ,高雄市,鼓山區,804,,高雄市鼓山區明倫路458號1樓 ,07-5501193,22.664139000000002,120.29792900000001,,鼓山區
353,3507290578,康群耳鼻喉科診所,高雄市,鼓山區,804,,高雄市鼓山區美術東二路110號1樓,07-5549191,22.653732,120.288353,,鼓山區
354,3507290596,壬禾診所,高雄市,鼓山區,804,,高雄市鼓山區美術南三路82號,07-5557300,22.653335000000002,120.288937,,鼓山區
355,3507290676,潮代診所,高雄市,鼓山區,804,,高雄市鼓山區文信路258號1樓,07-5531313,22.6646407,120.29909950000001,,鼓山區
356,3507300097,彌馨診所,高雄市,左營區,813,,高雄市左營區至聖路288號1-2樓,07-8629880,22.659625,120.3040828,,鼓山區
357,3507300186,賴孟德診所,高雄市,左營區,813,,高雄市左營區孟子路608號,07-3439801,22.6777207,120.3040686,,左營區
358,3507300604,詠康診所,高雄市,左營區,813,,高雄市左營區後昌路603號1樓,07-3637880,22.707781699999998,120.29936359999999,,左營區
359,3507300819,振亮診所,高雄市,左營區,813,,高雄市左營區左營大路156號1樓,07-5879799,22.683729,120.28919599999999,,左營區
360,3507300908,文愛診所,高雄市,左營區,813,,高雄市左營區重愛路303號,07-3430123,22.686572,120.314154,,左營區
361,3507300935,四季康和診所,高雄市,左營區,813,,高雄市左營區華夏路921號1樓,07-3432349,22.680326,120.30391000000002,,左營區
362,3507300953,晴美診所,高雄市,左營區,813,,高雄市左營區自由三路337號,07-3504992,22.674429999999997,120.31191100000001,,左營區
363,3507300999,育濰小兒科診所,高雄市,左營區,813,,高雄市左營區重上街168號1樓,07-3414005,22.676143399999997,120.3047115,,左營區
364,3507301129,豐田診所,高雄市,左營區,813,,高雄市左營區自由三路309號1樓,07-5506000,22.663272,120.30810600000001,,左營區
365,3507301147,大安診所,高雄市,左營區,813,,高雄市左營區自由三路376號,07-3507058,22.674732000000002,120.312233,,左營區
366,3507301192,中馨診所,高雄市,左營區,813,,高雄市左營區文川路128號,07-3488226,22.682871,120.310547,,左營區
367,3507301218,偉仁健康診所,高雄市,左營區,813,,高雄市左營區新莊一路160號,07-5525333,22.6709476,120.3009152,,左營區
368,3507310173,鄭泰德診所,高雄市,楠梓區,811,,高雄市楠梓區惠民路235號,07-3651090,22.72363,120.29326999999999,,楠梓區
369,3507310182,家恩診所,高雄市,楠梓區,811,,高雄市楠梓區旗楠路883-8號1樓,07-3551133,22.741502,120.33801799999999,,楠梓區
370,3507310208,慕恩診所,高雄市,楠梓區,811,,高雄市楠梓區高楠公路1762號,07-3638188,22.72852,120.321627,,楠梓區
371,3507310217,杏美診所,高雄市,楠梓區,811,,高雄市楠梓區德祥路149號1樓 ,07-3645599,22.726587,120.309347,,楠梓區
372,3507310271,楊宗憲診所,高雄市,楠梓區,811,,高雄市楠梓區德賢路165號,07-3663511,22.726558999999998,120.30658100000001,,楠梓區
373,3507310280,何慈育診所,高雄市,楠梓區,811,,高雄市楠梓區德民路1003-3號1樓,07-3012355,22.719088,120.28634299999999,,楠梓區
374,3507310306,元景耳鼻喉科神經科診所,高雄市,楠梓區,811,,高雄市楠梓區建楠路143號,07-3515056,22.726741,120.326605,,楠梓區
375,3507310324,弘達診所,高雄市,楠梓區,811,,高雄市楠梓區德賢路573號,07-3655995,22.725170000000002,120.29988600000001,,楠梓區
376,3507310342,建霖診所,高雄市,楠梓區,811,,高雄市楠梓區鳳楠路248號,07-3523006,22.726124,120.329623,,楠梓區
377,3507310351,季建華耳鼻喉科診所,高雄市,楠梓區,811,,高雄市楠梓區加昌618號,07-3663331,22.715519600000004,120.2958837,,楠梓區
378,3507310413,佳澤診所,高雄市,楠梓區,811,,高雄市楠梓區大學東路207號,07-3601262,22.729444,120.29019299999999,,楠梓區
379,3507310459,安馨楠梓內科診所,高雄市,楠梓區,811,,高雄市楠梓區楠都東街209號,07-3529393,22.7265811,120.32682549999998,,楠梓區
380,3507320035,柳雱邁診所,高雄市,三民區,807,,高雄市三民區大順二路96號1樓,07-3895640,22.641733,120.327344,,三民區
381,3507320044,捷祺家庭兒科診所,高雄市,三民區,807,,高雄市三民區裕誠路125號,07-3503666,22.663695,120.31290800000001,,三民區
382,3507320080,郭建宏小兒科診所,高雄市,三民區,807,,高雄市三民區義華路394號1樓,07-3982606,22.643732,120.333274,,三民區
383,3507320133,僾彼高榮育仁診所,高雄市,三民區,807,,高雄市三民區九如一路896號,07-3891080,22.640306,120.317494,,三民區
384,3507320142,林正?小兒科診所,高雄市,三民區,807,,高雄市三民區覺民路647號,07-3806183,22.641046,120.3279,,三民區
385,3507320231,崇田耳鼻喉科診所,高雄市,三民區,807,,高雄市三民區建工路302號,07-3899900,22.653659,120.33161299999999,,三民區
386,3507320277,鼎山診所,高雄市,三民區,807,,高雄市三民區鼎山街598號,07-3824296,22.650762,120.316942,,三民區
387,3507320375,真善美診所,高雄市,三民區,807,,高雄市三民區覺民路69號1~2樓,07-3945929,22.638765,120.34328000000001,,三民區
388,3507320526,鼎真診所,高雄市,三民區,807,,高雄市三民區金鼎路325號,07-3103130,22.664783,120.32016999999999,,三民區
389,3507320562,祐笙診所,高雄市,三民區,807,,高雄市三民區鼎中路396號,07-3105978,22.666794,120.319806,,三民區
390,3507320642,樂田耳鼻喉科診所,高雄市,三民區,807,,高雄市三民區熱河一街365號1樓,07-3115999,22.643607,120.305885,,三民區
391,3507320688,曾柏彰診所,高雄市,三民區,807,,高雄市三民區鼎力路339號1樓,07-3103216,22.669339,120.32453100000001,,三民區
392,3507320811,建心診所,高雄市,三民區,807,,高雄市三民區裕誠路108號,07-3593343,22.663992999999998,120.312845,,三民區
393,3507320955,國安診所,高雄市,三民區,807,,高雄市三民區建興路193號,07-3865379,22.643712,120.325846,,三民區
394,3507321023,陳志宇診所,高雄市,三民區,807,,高雄市三民區覺民路186號,07-3833282,22.639587,120.34024299999999,,三民區
395,3507321032,建銘診所,高雄市,三民區,807,,高雄市三民區十全一路405號1樓,07-3219879,22.645108999999998,120.304854,,三民區
396,3507321078,芯四季診所,高雄市,三民區,807,,高雄市三民區聯興路135號,07-3983000,22.658872,120.31396799999999,,三民區
397,3507321087,川惠診所,高雄市,三民區,807,,高雄市三民區文安南街78號1樓,07-7807811,22.6393304,120.3470447,,三民區
398,3507321130,建成診所,高雄市,三民區,807,,高雄市三民區文濱路20號,07-7809696,22.638832,120.34823100000001,,三民區
399,3507321149,好健康診所,高雄市,三民區,807,,高雄市三民區建工路396號,07-3839966,22.652675,120.329431,,三民區
400,3507321185,潘仕晉診所,高雄市,三民區,807,,高雄市三民區覺民路533號,07-3853515,22.6406647,120.3305486,,三民區
401,3507330031,光晴診所,高雄市,新興區,800,,高雄市新興區開封路31號1樓,07-2260591,22.628339,120.31136799999999,,新興區
402,3507330228,張正國診所,高雄市,新興區,800,,高雄市新興區忠孝一路19號,07-2161238,22.6223366,120.3070248,,新興區
403,3507330291,馬敘強診所,高雄市,新興區,800,,高雄市新興區林森一路37-1號一樓,07-2817220,22.6238277,120.30500409999999,,新興區
404,3507330362,七賢高美泌尿科診所,高雄市,新興區,800,,高雄市新興區七賢二路71號,07-2869096,22.634235,120.299443,,新興區
405,3507340199,大郭診所,高雄市,前金區,801,,高雄市前金區自強二路69號,07-2412233,22.624062,120.295686,,前金區
406,3507340313,捷醫診所,高雄市,前金區,801,,高雄市前金區七賢二路389號,07-2010378,22.6305542,120.2882577,,前金區
407,3507350024,立佳診所,高雄市,苓雅區,802,,高雄市苓雅區輔仁路149號,07-7710966,22.630232,120.332922,,苓雅區
408,3507350060,宇安診所,高雄市,苓雅區,802,,高雄市苓雅區四維二路94-18號,07-7511779,22.622714000000002,120.319622,,苓雅區
409,3507350097,邱康程內科診所,高雄市,苓雅區,802,,高雄市苓雅區建國一路336號,07-2231118,22.622866000000002,120.320054,,苓雅區
410,3507350275,信基骨外科診所,高雄市,苓雅區,802,,高雄市苓雅區林森二路11-3號,07-3383886,22.616532,120.30785800000001,,苓雅區
411,3507350382,示康診所,高雄市,苓雅區,802,,高雄市苓雅區三多二路93號,07-7151771,22.62036,120.32448500000001,,苓雅區
412,3507350462,英明診所,高雄市,苓雅區,802,,高雄市苓雅區英明路153號之1,07-7273688,22.616967499999998,120.32458059999999,,苓雅區
413,3507360039,大家診所,高雄市,前鎮區,806,,高雄巿前鎮區明正里草衙二路430號,07-8117772,22.579295000000002,120.32270600000001,,前鎮區
414,3507360066,祥全診所,高雄市,前鎮區,806,,高雄市前鎮區盛豐里一心二路86號,07-3340393,22.611534,120.31040700000001,,前鎮區
415,3507360182,佑鎮診所,高雄市,前鎮區,806,,高雄市前鎮區平等里樹人路128號,07-8121606,22.588885,120.319849,,前鎮區
416,3507360271,前鎮長青診所,高雄市,前鎮區,806,,高雄市前鎮區凱旋三路83號,07-7225270,22.60684,120.324767,,前鎮區
417,3507360397,大鈞診所,高雄市,前鎮區,806,,高雄巿前鎮區明正里草衙二路430號,07-8117772,22.579295000000002,120.32270600000001,,前鎮區
418,3507360413,南隆小兒科診所,高雄市,前鎮區,806,,高雄市前鎮區林森三路146號1樓,07-3385678,22.613495,120.308753,,前鎮區
419,3507360468,王祚祥診所,高雄市,前鎮區,806,,高雄巿前鎮區管仲南路368號,07-5361823,22.605059,120.31366200000001,,前鎮區
420,3507360477,久田診所,高雄市,前鎮區,806,,高雄市前鎮區瑞和街196-8號1樓,07-7212264,22.606048,120.327409,,前鎮區
421,3507360548,保泰長慶小兒科診所,高雄市,前鎮區,806,,高雄市前鎮區保泰路425號,07-7210089,22.604247,120.336076,,前鎮區
422,3507360557,鄰好西醫診所,高雄市,前鎮區,806,,高雄市前鎮區民權二路180號2樓,07-3350802,22.607129,120.311554,,前鎮區
423,3507360566,寶鈴診所,高雄市,前鎮區,806,,高雄市前鎮區一心一路17號,07-7279779,22.605330300000002,120.3237575,,前鎮區
424,3507370026,重康診所,高雄市,旗津區,805,,高雄市旗津區通山路31號,07-5719288,22.612837,120.268777,,旗津區
425,3507370035,晴美旗后診所,高雄市,旗津區,805,,高雄市旗津區旗津三路962巷2號,07-5710522,22.607534,120.270472,,旗津區
426,3507380040,朝陽耳鼻喉科診所,高雄市,小港區,812,,高雄市小港區平和路144.146號,07-8311228,22.569825,120.330132,,小港區
427,3507380068,長慶小兒科診所,高雄市,小港區,812,,高雄市小港區漢民路413號1樓,07-8068170,22.5670404,120.35774840000002,,小港區
428,3507380102,永益診所,高雄市,小港區,812,,高雄市小港區民益路62號,07-8010110,22.567797,120.3481131,,小港區
429,3507380111,孔鳳診所,高雄市,小港區,812,,高雄市小港區孔鳳路571號1樓,07-7910311,22.584076,120.358585,,小港區
430,3507380157,大佑診所,高雄市,小港區,812,,高雄市小港區平和路26-1號,07-8218162,22.563756,120.334521,,小港區
431,3507380175,大雄診所,高雄市,小港區,812,,高雄市小港區二苓路156號,07-8015808,22.565528,120.34989499999999,,小港區
432,3542010054,王楩楠內兒科診所,高雄市,鳳山區,830,,高雄市鳳山區光遠路82號,07-7460334,22.624072,120.36621000000001,,鳳山區
433,3542010287,國仁內科小兒科診所,高雄市,鳳山區,830,,高雄市鳳山區中山西路2-3號,07-7461855,22.626248,120.35546609999999,,鳳山區
434,3542010723,國民小兒科診所,高雄市,鳳山區,830,,高雄市鳳山區中正路37號,07-7427925,22.625298,120.359232,,鳳山區
435,3542011211,台安診所,高雄市,鳳山區,830,,高雄市鳳山區雙慈街26號,07-7410268,22.625003,120.35708000000001,,鳳山區
436,3542011293,楊寶麟小兒科診所,高雄市,鳳山區,830,,高雄市鳳山區南京路312號,07-7479092,22.615216,120.345731,,鳳山區
437,3542011328,鳳德診所,高雄市,鳳山區,830,,高雄市鳳山區南京路153-21號,07-7663893,22.609881,120.345281,,鳳山區
438,3542011382,凱旋診所,高雄市,鳳山區,830,,高雄市鳳山區凱旋路261號,07-7637639,22.6132931,120.3491145,,鳳山區
439,3542011471,林錦浩耳鼻喉科診所,高雄市,鳳山區,830,,高雄市鳳山區新興里光遠路260號,07-7419880,22.625619,120.362128,,鳳山區
440,3542011506,韓台基診所,高雄市,鳳山區,830,,高雄市鳳山區新富路333號,07-7662525,22.613159,120.34473999999999,,鳳山區
441,3542011551,文衡診所,高雄市,鳳山區,830,,高雄市鳳山區文衡路344號,07-7768185,22.640204,120.35502199999999,,鳳山區
442,3542011800,鳳山全民診所,高雄市,鳳山區,830,,高雄市鳳山區博愛路328號,07-7037038,22.630827,120.368622,,鳳山區
443,3542011846,李梓堯耳鼻喉科診所,高雄市,鳳山區,830,,高雄市鳳山區三民路192號,07-7101995,22.623873899999996,120.35977530000001,,鳳山區
444,3542011864,何鴻鈞診所,高雄市,鳳山區,830,,高雄市鳳山區林森路324號,07-7716819,22.596792,120.338004,,鳳山區
445,3542011935,唯均耳鼻喉科診所,高雄市,鳳山區,830,,高雄市鳳山區海洋二路139號,07-7638199,22.612792000000002,120.348344,,鳳山區
446,3542012076,黃大沅小兒科診所,高雄市,鳳山區,830,,高雄市鳳山區青年路二段468號,07-7109299,22.643967,120.35153970000002,,鳳山區
447,3542012307,澄明診所,高雄市,鳳山區,830,,高雄市鳳山區國富路28號,07-7633595,22.615551,120.34979399999999,,鳳山區
448,3542012334,陳俊宏小兒科診所,高雄市,鳳山區,830,,高雄市鳳山區五甲一路85號,07-7450066,22.620618399999998,120.35691670000001,,鳳山區
449,3542012352,李威德診所,高雄市,鳳山區,830,,高雄市鳳山區五甲三路48號1樓,07-8227676,22.592893,120.32731899999999,,鳳山區
450,3542012469,林誓揚診所,高雄市,鳳山區,830,,高雄市鳳山區經武路18號,07-7482228,22.626188,120.362202,,鳳山區
451,3542013519,明倫家醫科診所,高雄市,鳳山區,830,,高雄市鳳山區凱旋路365號,07-7631703,22.6156468,120.34605330000001,,鳳山區
452,3542013840,祐幼小兒科診所,高雄市,鳳山區,830,,高雄市鳳山區文衡路377號1樓,07-7769977,22.640532999999998,120.351404,,鳳山區
453,3542013859,嘉美診所,高雄市,鳳山區,830,,高雄市鳳山區中山路79號,07-7413668,22.621406,120.360134,,鳳山區
454,3542013886,黃榮隆診所,高雄市,鳳山區,830,,高雄市鳳山區文衡路460號,07-7767700,22.640772600000002,120.3516543,,鳳山區
455,3542013984,陳柏蒼耳鼻喉科診所,高雄市,鳳山區,830,,高雄市鳳山區文衡路四八○號,07-7775388,22.633333,120.35,,鳳山區
456,3542014016,吳外科骨科診所,高雄市,鳳山區,830,,高雄市鳳山區中山西路一○二之九號,07-7465265,22.6279957,120.3474989,,鳳山區
457,3542014098,陳重志聯合診所,高雄市,鳳山區,830,,高雄市鳳山區光復路一段139號,07-7427329,22.629114,120.350668,,鳳山區
458,3542014392,新華田內科診所,高雄市,鳳山區,830,,高雄市鳳山區曹公路16-4號,07-7999128,22.628929,120.35727800000001,,鳳山區
459,3542014463,佳醫診所,高雄市,鳳山區,830,,高雄市鳳山區五甲二路357號,07-7219191,22.598091600000004,120.3362191,,鳳山區
460,3542014525,元富診所,高雄市,鳳山區,830,,高雄市鳳山區新富路237號,07-7638666,22.612956,120.33883,,鳳山區
461,3542014623,長新診所,高雄市,鳳山區,830,,高雄市鳳山區大東一路137號,07-7192233,22.62163,120.361057,,鳳山區
462,3542014785,新石津診所,高雄市,鳳山區,830,,高雄市鳳山區自強二路112號 ,07-7682288,22.5959,120.327626,,鳳山區
463,3542014829,安安診所,高雄市,鳳山區,830,,高雄市鳳山區五甲三路111號1樓,07-7689615,22.591595,120.3260122,,鳳山區
464,3542014856,文華耳鼻喉科診所,高雄市,鳳山區,830,,高雄市鳳山區文化路117號1樓,07-7902555,22.634601,120.350893,,鳳山區
465,3542014927,葉耳鼻喉科診所,高雄市,鳳山區,830,,高雄市鳳山區青年路二段373號1樓 ,07-7778783,22.64172,120.35113999999999,,鳳山區
466,3542014954,林昭哲診所,高雄市,鳳山區,830,,高雄市鳳山區新富路282號1樓,07-7633399,22.612704,120.341678,,鳳山區
467,3542020069,翁仁茂診所,高雄市,岡山區,820,,高雄市岡山區公園西路三段123號,07-6260039,22.793282,120.284745,,岡山區
468,3542020130,黃耳鼻喉科診所,高雄市,岡山區,820,,高雄市岡山區岡山路347-1號,07-6230011,22.797674,120.29513200000001,,岡山區
469,3542020201,盧榮福內兒科診所,高雄市,岡山區,820,,高雄市岡山區仁壽路39號,07-6261515,22.792559,120.28965500000001,,岡山區
470,3542020309,劉志廷家庭醫學科診所,高雄市,岡山區,820,,高雄市岡山區維新路51號,07-6228617,22.793187,120.294463,,岡山區
471,3542020345,陳振忠內兒科診所,高雄市,岡山區,820,,高雄市岡山區壽天路37-2號,07-6213202,22.796433,120.293369,,岡山區
472,3542020363,翁明清婦產科診所,高雄市,岡山區,820,,高雄市岡山區前峰路73號,07-6262997,22.795735,120.286924,,岡山區
473,3542020434,王宏育診所,高雄市,岡山區,820,,高雄市岡山區岡山路260號,07-6228972,22.792539,120.296174,,岡山區
474,3542020461,得安診所,高雄市,岡山區,820,,高雄市岡山區前峰路41號,07-6258387,22.7951247,120.2856682,,岡山區
475,3542020498,鄧明壽診所,高雄市,岡山區,820,,高雄市岡山區壽華路36號,07-6233316,22.79778,120.293198,,岡山區
476,3542020532,蔣榮福診所,高雄市,岡山區,820,,高雄市岡山區中山南路452號,07-6228719,22.790453,120.29923799999999,,岡山區
477,3542020596,皇明診所,高雄市,岡山區,820,,高雄市岡山區公園西路三段86-1號,07-6263592,22.794396,120.28418500000001,,岡山區
478,3542020676,黃子育診所,高雄市,岡山區,820,,高雄市岡山區前峰路39號,07-6270101,22.794697,120.288569,,岡山區
479,3542020738,吳宗慶診所,高雄市,岡山區,820,,高雄市岡山區中山北路47號,07-6229868,22.793820999999998,120.29866499999999,,岡山區
480,3542021986,新博愛診所,高雄市,岡山區,820,,高雄市岡山區大德一路15號,07-6215799,22.79665,120.29732,,岡山區
481,3542022054,蘇俊明小兒科診所,高雄市,岡山區,820,,高雄市岡山區平和路200號 ,07-6223189,22.795460000000002,120.291948,,岡山區
482,3542022205,莊志明診所,高雄市,岡山區,820,,高雄市岡山區柳橋東路15-1號1樓,07-6298388,22.7909742,120.2944202,,岡山區
483,3542022214,楊禮瑜診所,高雄市,岡山區,820,,高雄市岡山區柳橋東路30號,07-6233598,22.7910534,120.2944283,,岡山區
484,3542022223,岡山內科診所,高雄市,岡山區,820,,高雄市岡山區岡山路148號,07-6213371,22.789480899999997,120.2965678,,岡山區
485,3542022250,陳國俊小兒科診所,高雄市,岡山區,820,,高雄市岡山區岡山路73號,07-6297200,22.7915943,120.2938866,,岡山區
486,3542022269,仁康診所,高雄市,岡山區,820,,高雄市岡山區介壽西路173號,07-6262988,22.7842283,120.2804496,,岡山區
487,3542022303,黃仲達診所,高雄市,岡山區,820,,高雄市岡山區柳橋東路9-2號1樓,07-6297898,22.790766,120.29488500000001,,岡山區
488,3542030556,仁厚診所,高雄市,旗山區,842,,高雄市旗山區延平一路137號,07-6613515,22.897643,120.483671,,旗山區
489,3542031615,鴻源診所,高雄市,旗山區,842,,高雄市旗山區延平一路200號,07-6628788,22.896044399999997,120.48325220000001,,旗山區
490,3542031704,信安小兒科診所,高雄市,旗山區,842,,高雄市旗山區延平一路228之8號,07-6627007,22.894996,120.483253,,旗山區
491,3542031722,芳民診所,高雄市,旗山區,842,,高雄市旗山區德昌路16號,07-6622355,22.883295,120.482794,,旗山區
492,3542031731,王致瑋小兒科診所,高雄市,旗山區,842,,高雄市旗山區新山里延平一路485號1樓,07-6629922,22.889367,120.483455,,旗山區
493,3542040123,吳文禮診診所,高雄市,美濃區,843,,高雄市美濃區中正路一段41號,07-6812072,22.900554999999997,120.541826,,美濃區
494,3542040187,李樹榮診所,高雄市,美濃區,843,,高雄市美濃區中正路一段17號,07-6812189,22.901529,120.54176799999999,,美濃區
495,3542050361,黃英豪診所,高雄市,林園區,832,,高雄市林園區林園北路188號,07-6412134,22.5075937,120.39489920000001,,林園區
496,3542051920,長泰診所,高雄市,林園區,832,,高雄市林園區王公路483號,07-6452776,22.5057128,120.38504280000001,,林園區
497,3542052034,建芳診所,高雄市,林園區,832,,高雄市林園區東林西路28號,07-6467666,22.503918,120.3949,,林園區
498,3542052043,川宏診所,高雄市,林園區,832,,高雄市林園區鳳林路一段83號1樓,07-6452520,22.503538,120.397904,,林園區
499,3542060125,太樹診所,高雄市,大寮區,831,,高雄市大寮區義和里九和路9號,07-6518042,22.643153,120.4190106,,大寮區
500,3542060714,親親家庭診所,高雄市,大寮區,831,,高雄市大寮區中庄里鳳屏一路538號,07-7013483,22.6389402,120.3989348,,大寮區
501,3542060901,郭其靈診所,高雄市,大寮區,831,,高雄市大寮區鳳林三路541.543號,07-7823335,22.607706399999998,120.39536609999999,,大寮區
502,3542061917,鳳信診所,高雄市,大寮區,831,,高雄市大寮區中庄里鳳屏一路574號,07-7036751,22.6390962,120.39973229999998,,大寮區
503,3542061944,張文豪診所,高雄市,大寮區,831,,高雄市大寮區山頂里內厝路201號,07-7816276,22.608157100000003,120.38995039999999,,大寮區
504,3542061953,張桐榮診所,高雄市,大寮區,831,,高雄市大寮區永芳村鳳林三路573號,07-7825382,22.608325,120.394732,,大寮區
505,3542062094,大統內兒科診所,高雄市,大寮區,831,,高雄市大寮區鳳林四路56號 ,07-7836127,22.615085,120.38790700000001,,鳳山區
506,3542062147,嘉德耳鼻喉科診所,高雄市,大寮區,831,,高雄市大寮區鳳屏一路441.442號,07-7022626,22.63898,120.401226,,
507,3542062156,圓明診所,高雄市,大寮區,831,,高雄市大寮區義仁里鳳林一路147號,07-6433298,22.541789,120.40420800000001,,大寮區
508,3542062290,杏安診所,高雄市,大寮區,831,,高雄市大寮區琉球里林厝路53號1樓,07-7810565,22.614667999999998,120.407983,,大寮區
509,3542062307,大承耳鼻喉科診所,高雄市,大寮區,831,,高雄市大寮區鳳屏一路464號1樓2樓,07-7013668,22.6360701,120.39213059999999,,大寮區
510,3542070167,愛仁診所,高雄市,大樹區,840,,高雄市大樹區久堂里久堂路147號,07-6524197,22.6579963,120.4163217,,大樹區
511,3542070210,丰聯診所,高雄市,大樹區,840,,高雄市大樹區建村街74號,07-6519312,22.656554999999997,120.41901999999999,,大樹區
512,3542071280,宏彰診所,高雄市,大樹區,840,,高雄市大樹區中正一路423號,07-6527531,22.695038,120.434127,,大樹區
513,3542080047,劉內兒科診所,高雄市,仁武區,814,,高雄市仁武區仁心路6號,07-3718727,22.6819062,120.3559864,,仁武區
514,3542080083,仁新診所,高雄市,仁武區,814,,高雄市仁武區仁心路56號,07-3719825,22.6822486,120.356698,,仁武區
515,3542080109,仁里診所,高雄市,仁武區,814,,高雄市仁武區仁樂街202號,07-3729603,22.703797199999997,120.3476746,,仁武區
516,3542080190,易生診所,高雄市,仁武區,814,,高雄市仁武區中華路306號,07-3746901,22.700664,120.35304070000001,,仁武區
517,3542081231,長恩診所,高雄市,仁武區,814,,高雄市仁武區仁忠路83號,07-3985975,22.677459,120.355942,,仁武區
518,3542081348,陽光診所,高雄市,仁武區,814,,高雄市仁武區中華路255號,07-3755500,22.700291,120.351551,,仁武區
519,3542081464,德應診所,高雄市,仁武區,814,,高雄市仁武區永和街209號,07-3728298,22.694954,120.332903,,仁武區
520,3542090150,富安診所,高雄市,大社區,815,,高雄市大社區金龍路138號,07-3528996,22.726886,120.353695,,大社區
521,3542090276,吉田診所,高雄市,大社區,815,,高雄市大社區中山路72號,07-3543381,22.73206,120.345238,,大社區
522,3542090329,王裕郎小兒科診所,高雄市,大社區,815,,高雄市大社區中山路317號1樓,07-3550619,22.731609,120.35037700000001,,大社區
523,3542100062,劉金龍診所,高雄市,鳥松區,833,,高雄市鳥松區學堂路78-5號,07-7313935,22.658364000000002,120.390332,,鳥松區
524,3542100124,藍偉宏診所,高雄市,鳥松區,833,,高雄市鳥松區仁美里學堂路105-1號,07-7338715,22.6584972,120.39158959999999,,鳥松區
525,3542101185,聯安診所,高雄市,鳥松區,833,,高雄市鳥松區鳥松里中正路343號,07-7335076,22.662262,120.363376,,鳥松區
526,3542110326,陳性良診所,高雄市,橋頭區,825,,高雄市橋頭區隆豐路220號,07-6127655,22.753718,120.307144,,橋頭區
527,3542111378,孫琮淵診所,高雄市,橋頭區,825,,高雄市橋頭區仕隆里成功南路79號1樓,07-6130567,22.753911,120.31186799999999,,橋頭區
528,3542111396,正心診所,高雄市,橋頭區,825,,高雄市橋頭區隆豐路170號1樓,07-6128080,22.754546100000002,120.3066993,,橋頭區
529,3542120126,簡萬杰診所,高雄市,燕巢區,824,,高雄市燕巢區中民路558號,07-6166674,22.793385,120.36308600000001,,燕巢區
530,3542121345,鳳安內科診所,高雄市,燕巢區,824,,高雄市燕巢區鳳旗路124-2號,07-6153827,22.75489,120.35540900000001,,燕巢區
531,3542141465,明成親子診所,高雄市,阿蓮區,822,, 高雄市阿蓮區民權路95號,07-6319789,22.882593399999998,120.32570690000001,,阿蓮區
532,3542151498,祐民診所,高雄市,路竹區,821,,高雄市路竹區文北里2鄰中和街180號,07-6072211,22.859560100000003,120.2571997,,路竹區
533,3542151514,佳恩小兒科診所,高雄市,路竹區,821,,高雄市路竹區大社路135號,07-6073355,22.864569,120.26323300000001,,路竹區
534,3542151532,馨美診所,高雄市,路竹區,821,,高雄市路竹區大社路157號,07-6074999,22.864929,120.26345800000001,,路竹區
535,3542151587,蘇玉良診所,高雄市,路竹區,821,,高雄市路竹區大同路326號,07-6968248,22.858511,120.266572,,路竹區
536,3542151596,蘇進添小兒科診所,高雄市,路竹區,821,,高雄市路竹區中興路236號,07-6971769,22.857528,120.262693,,路竹區
537,3542151676,仁澤診所,高雄市,路竹區,821,,高雄市路竹區竹西里國昌路331號,07-6076000,22.8494042,120.26281110000001,,路竹區
538,3542160184,永健診所,高雄市,湖內區,829,,高雄市湖內區中正路一段3０號,07-6997406,22.909629000000002,120.2260284,,湖內區
539,3542160264,方舟診所,高雄市,湖內區,829,,高雄市湖內區民權路158號,07-6935692,22.891082,120.24333999999999,,湖內區
540,3542161449,富田森林診所,高雄市,湖內區,829,,高雄市湖內區中正路一段57號1樓,07-6992189,22.9098031,120.22332150000001,,湖內區
541,3542170037,顏診所,高雄市,茄萣區,852,,高雄市茄萣區茄萣路一段151號,07-6901481,22.8913566,120.18479340000002,,茄萣區
542,3542170233,施明火診所 ,高雄市,茄萣區,852,,高雄市茄萣區茄萣路一段399號,07-6900953,22.8969913,120.1841077,,茄萣區
543,3542170251,忠信診所,高雄市,茄萣區,852,,高雄市茄萣區嘉賜里仁愛路三段218號 ,07-6901221,22.903287,120.183848,,茄萣區
544,3542171329,友安小兒科診所,高雄市,茄萣區,852,,高雄市茄萣區仁愛路二段80號,07-6906933,22.8960649,120.185157,,茄萣區
545,3542171338,吳南寬診所,高雄市,茄萣區,852,,高雄市茄萣區白砂路257號1樓,07-6921275,22.913516,120.18513200000001,,茄萣區
546,3542200272,蔡政達診所,高雄市,梓官區,826,,高雄市梓官區廣澤路20號,07-6173295,22.729521,120.254999,,梓官區
547,3542201466,梓安診所,高雄市,梓官區,826,,高雄市梓官區中正路71號,07-6177429,22.731857,120.25348600000001,,梓官區
548,3542211257,大嘉診所,高雄市,六龜區,844,,高雄市六龜區太平路114號,07-6895789,22.995201,120.63751599999999,,六龜區
549,3542241059,觀亭診所,高雄市,內門區,845,,高雄市內門區觀亭里中正路168號,07-6674882,22.956008999999998,120.470326,,內門區
550,4107320010,和平醫療社團法人進興診所,高雄市,三民區,807,,高雄市三民區九如一路171號,07-3869559,22.636955800000003,120.33930829999998,,三民區
551,3542060830,健聖診所,高雄市,大寮區,831,,高雄市大寮區中正路2號,07-7861303,22.617865,120.38596899999999,,大寮區
552,1442060014,慈惠醫院,高雄市,大寮區,831,,高雄市大寮區鳳屏一路459號,07-7030315,22.638106,120.39591000000001,,大寮區
553,1502061208,新華醫院,高雄市,新興區,800,,高雄市新興區七賢二路97號,07-2876080,22.633414000000002,120.297147,,前金區
554,1542110020,泰和醫院,高雄市,橋頭區,825,,高雄市橋頭區成功路101號,07-6111128,22.758864000000003,120.309698,,橋頭區
